# fixture=nas,source=/home/lmsousa/Documents/Projects/SPeCS/clang-dumper-ast-flatbuffers/test/inputs/nas_bt.c,modes=text;eager;lazy,warmup=3,measurements=12,text_zstd=true
# query=App.getDescendantsAndFields plus names/operators/types; ids=encounter-order normalized
fixture,source,mode,trial,parse_ms,tu_ms,query_ms,codegen_ms,total_ms,nodes,names,operators,types,typed,materialized,deferred,code_bytes,code_sha256,query_sha256,materialized_read,materialized_tu,materialized_query,materialized_codegen
nas,/home/lmsousa/Documents/Projects/SPeCS/clang-dumper-ast-flatbuffers/test/inputs/nas_bt.c,eager,0,405.595,87.410,88.257,12.499,593.760,49480,537,5594,45235,35845,233101,233101,137104,d6520614beb5f95009683ece6f972b5f1fd21bfd193be88e930337581e2b5711,b06e5f888c11ad11a9b18ab1880dd04f4d38a21a7533aa25602bd85d8875f4d9,233101,233101,233101,233101
nas,/home/lmsousa/Documents/Projects/SPeCS/clang-dumper-ast-flatbuffers/test/inputs/nas_bt.c,lazy,0,221.037,258.811,98.711,14.087,592.647,49480,537,5594,45235,35845,47380,233101,137104,d6520614beb5f95009683ece6f972b5f1fd21bfd193be88e930337581e2b5711,b06e5f888c11ad11a9b18ab1880dd04f4d38a21a7533aa25602bd85d8875f4d9,1817,35605,41199,47380
nas,/home/lmsousa/Documents/Projects/SPeCS/clang-dumper-ast-flatbuffers/test/inputs/nas_bt.c,text,0,456.114,106.175,75.363,11.620,649.272,49480,537,5594,45235,0,0,0,137104,d6520614beb5f95009683ece6f972b5f1fd21bfd193be88e930337581e2b5711,b06e5f888c11ad11a9b18ab1880dd04f4d38a21a7533aa25602bd85d8875f4d9,0,0,0,0
nas,/home/lmsousa/Documents/Projects/SPeCS/clang-dumper-ast-flatbuffers/test/inputs/nas_bt.c,text,1,444.596,91.759,82.103,11.821,630.280,49480,537,5594,45235,0,0,0,137104,d6520614beb5f95009683ece6f972b5f1fd21bfd193be88e930337581e2b5711,b06e5f888c11ad11a9b18ab1880dd04f4d38a21a7533aa25602bd85d8875f4d9,0,0,0,0
nas,/home/lmsousa/Documents/Projects/SPeCS/clang-dumper-ast-flatbuffers/test/inputs/nas_bt.c,eager,1,400.848,82.485,76.489,12.104,571.925,49480,537,5594,45235,35845,233101,233101,137104,d6520614beb5f95009683ece6f972b5f1fd21bfd193be88e930337581e2b5711,b06e5f888c11ad11a9b18ab1880dd04f4d38a21a7533aa25602bd85d8875f4d9,233101,233101,233101,233101
nas,/home/lmsousa/Documents/Projects/SPeCS/clang-dumper-ast-flatbuffers/test/inputs/nas_bt.c,lazy,1,204.024,294.699,102.067,16.761,617.551,49480,537,5594,45235,35845,47380,233101,137104,d6520614beb5f95009683ece6f972b5f1fd21bfd193be88e930337581e2b5711,b06e5f888c11ad11a9b18ab1880dd04f4d38a21a7533aa25602bd85d8875f4d9,1817,35605,41199,47380
nas,/home/lmsousa/Documents/Projects/SPeCS/clang-dumper-ast-flatbuffers/test/inputs/nas_bt.c,text,2,460.839,100.246,89.024,24.129,674.238,49480,537,5594,45235,0,0,0,137104,d6520614beb5f95009683ece6f972b5f1fd21bfd193be88e930337581e2b5711,b06e5f888c11ad11a9b18ab1880dd04f4d38a21a7533aa25602bd85d8875f4d9,0,0,0,0
nas,/home/lmsousa/Documents/Projects/SPeCS/clang-dumper-ast-flatbuffers/test/inputs/nas_bt.c,eager,2,399.231,99.204,70.443,11.485,580.362,49480,537,5594,45235,35845,233101,233101,137104,d6520614beb5f95009683ece6f972b5f1fd21bfd193be88e930337581e2b5711,b06e5f888c11ad11a9b18ab1880dd04f4d38a21a7533aa25602bd85d8875f4d9,233101,233101,233101,233101
nas,/home/lmsousa/Documents/Projects/SPeCS/clang-dumper-ast-flatbuffers/test/inputs/nas_bt.c,lazy,2,205.887,279.921,107.665,13.588,607.061,49480,537,5594,45235,35845,47380,233101,137104,d6520614beb5f95009683ece6f972b5f1fd21bfd193be88e930337581e2b5711,b06e5f888c11ad11a9b18ab1880dd04f4d38a21a7533aa25602bd85d8875f4d9,1817,35605,41199,47380
nas,/home/lmsousa/Documents/Projects/SPeCS/clang-dumper-ast-flatbuffers/test/inputs/nas_bt.c,lazy,3,204.590,254.254,83.559,24.190,566.593,49480,537,5594,45235,35845,47380,233101,137104,d6520614beb5f95009683ece6f972b5f1fd21bfd193be88e930337581e2b5711,b06e5f888c11ad11a9b18ab1880dd04f4d38a21a7533aa25602bd85d8875f4d9,1817,35605,41199,47380
nas,/home/lmsousa/Documents/Projects/SPeCS/clang-dumper-ast-flatbuffers/test/inputs/nas_bt.c,eager,3,395.666,108.312,74.040,10.998,589.016,49480,537,5594,45235,35845,233101,233101,137104,d6520614beb5f95009683ece6f972b5f1fd21bfd193be88e930337581e2b5711,b06e5f888c11ad11a9b18ab1880dd04f4d38a21a7533aa25602bd85d8875f4d9,233101,233101,233101,233101
nas,/home/lmsousa/Documents/Projects/SPeCS/clang-dumper-ast-flatbuffers/test/inputs/nas_bt.c,text,3,448.706,94.772,92.488,10.849,646.815,49480,537,5594,45235,0,0,0,137104,d6520614beb5f95009683ece6f972b5f1fd21bfd193be88e930337581e2b5711,b06e5f888c11ad11a9b18ab1880dd04f4d38a21a7533aa25602bd85d8875f4d9,0,0,0,0
nas,/home/lmsousa/Documents/Projects/SPeCS/clang-dumper-ast-flatbuffers/test/inputs/nas_bt.c,eager,4,413.727,62.906,70.631,19.328,566.592,49480,537,5594,45235,35845,233101,233101,137104,d6520614beb5f95009683ece6f972b5f1fd21bfd193be88e930337581e2b5711,b06e5f888c11ad11a9b18ab1880dd04f4d38a21a7533aa25602bd85d8875f4d9,233101,233101,233101,233101
nas,/home/lmsousa/Documents/Projects/SPeCS/clang-dumper-ast-flatbuffers/test/inputs/nas_bt.c,lazy,4,193.966,290.931,98.830,13.265,596.991,49480,537,5594,45235,35845,47380,233101,137104,d6520614beb5f95009683ece6f972b5f1fd21bfd193be88e930337581e2b5711,b06e5f888c11ad11a9b18ab1880dd04f4d38a21a7533aa25602bd85d8875f4d9,1817,35605,41199,47380
nas,/home/lmsousa/Documents/Projects/SPeCS/clang-dumper-ast-flatbuffers/test/inputs/nas_bt.c,text,4,447.067,80.076,82.190,22.375,631.708,49480,537,5594,45235,0,0,0,137104,d6520614beb5f95009683ece6f972b5f1fd21bfd193be88e930337581e2b5711,b06e5f888c11ad11a9b18ab1880dd04f4d38a21a7533aa25602bd85d8875f4d9,0,0,0,0
nas,/home/lmsousa/Documents/Projects/SPeCS/clang-dumper-ast-flatbuffers/test/inputs/nas_bt.c,lazy,5,194.773,281.384,83.227,23.333,582.717,49480,537,5594,45235,35845,47380,233101,137104,d6520614beb5f95009683ece6f972b5f1fd21bfd193be88e930337581e2b5711,b06e5f888c11ad11a9b18ab1880dd04f4d38a21a7533aa25602bd85d8875f4d9,1817,35605,41199,47380
nas,/home/lmsousa/Documents/Projects/SPeCS/clang-dumper-ast-flatbuffers/test/inputs/nas_bt.c,text,5,453.526,97.256,95.418,10.840,657.040,49480,537,5594,45235,0,0,0,137104,d6520614beb5f95009683ece6f972b5f1fd21bfd193be88e930337581e2b5711,b06e5f888c11ad11a9b18ab1880dd04f4d38a21a7533aa25602bd85d8875f4d9,0,0,0,0
nas,/home/lmsousa/Documents/Projects/SPeCS/clang-dumper-ast-flatbuffers/test/inputs/nas_bt.c,eager,5,393.576,116.725,75.239,11.078,596.619,49480,537,5594,45235,35845,233101,233101,137104,d6520614beb5f95009683ece6f972b5f1fd21bfd193be88e930337581e2b5711,b06e5f888c11ad11a9b18ab1880dd04f4d38a21a7533aa25602bd85d8875f4d9,233101,233101,233101,233101
nas,/home/lmsousa/Documents/Projects/SPeCS/clang-dumper-ast-flatbuffers/test/inputs/nas_bt.c,lazy,6,207.338,259.047,86.944,22.895,576.224,49480,537,5594,45235,35845,47380,233101,137104,d6520614beb5f95009683ece6f972b5f1fd21bfd193be88e930337581e2b5711,b06e5f888c11ad11a9b18ab1880dd04f4d38a21a7533aa25602bd85d8875f4d9,1817,35605,41199,47380
nas,/home/lmsousa/Documents/Projects/SPeCS/clang-dumper-ast-flatbuffers/test/inputs/nas_bt.c,eager,6,397.422,121.682,75.860,11.222,606.186,49480,537,5594,45235,35845,233101,233101,137104,d6520614beb5f95009683ece6f972b5f1fd21bfd193be88e930337581e2b5711,b06e5f888c11ad11a9b18ab1880dd04f4d38a21a7533aa25602bd85d8875f4d9,233101,233101,233101,233101
nas,/home/lmsousa/Documents/Projects/SPeCS/clang-dumper-ast-flatbuffers/test/inputs/nas_bt.c,text,6,448.503,93.134,85.205,23.059,649.901,49480,537,5594,45235,0,0,0,137104,d6520614beb5f95009683ece6f972b5f1fd21bfd193be88e930337581e2b5711,b06e5f888c11ad11a9b18ab1880dd04f4d38a21a7533aa25602bd85d8875f4d9,0,0,0,0
nas,/home/lmsousa/Documents/Projects/SPeCS/clang-dumper-ast-flatbuffers/test/inputs/nas_bt.c,lazy,7,197.218,279.519,106.132,13.449,596.319,49480,537,5594,45235,35845,47380,233101,137104,d6520614beb5f95009683ece6f972b5f1fd21bfd193be88e930337581e2b5711,b06e5f888c11ad11a9b18ab1880dd04f4d38a21a7533aa25602bd85d8875f4d9,1817,35605,41199,47380
nas,/home/lmsousa/Documents/Projects/SPeCS/clang-dumper-ast-flatbuffers/test/inputs/nas_bt.c,eager,7,412.171,74.611,77.642,11.675,576.099,49480,537,5594,45235,35845,233101,233101,137104,d6520614beb5f95009683ece6f972b5f1fd21bfd193be88e930337581e2b5711,b06e5f888c11ad11a9b18ab1880dd04f4d38a21a7533aa25602bd85d8875f4d9,233101,233101,233101,233101
nas,/home/lmsousa/Documents/Projects/SPeCS/clang-dumper-ast-flatbuffers/test/inputs/nas_bt.c,text,7,453.317,95.367,93.112,11.106,652.901,49480,537,5594,45235,0,0,0,137104,d6520614beb5f95009683ece6f972b5f1fd21bfd193be88e930337581e2b5711,b06e5f888c11ad11a9b18ab1880dd04f4d38a21a7533aa25602bd85d8875f4d9,0,0,0,0
nas,/home/lmsousa/Documents/Projects/SPeCS/clang-dumper-ast-flatbuffers/test/inputs/nas_bt.c,text,8,461.917,81.510,82.248,13.218,638.894,49480,537,5594,45235,0,0,0,137104,d6520614beb5f95009683ece6f972b5f1fd21bfd193be88e930337581e2b5711,b06e5f888c11ad11a9b18ab1880dd04f4d38a21a7533aa25602bd85d8875f4d9,0,0,0,0
nas,/home/lmsousa/Documents/Projects/SPeCS/clang-dumper-ast-flatbuffers/test/inputs/nas_bt.c,lazy,8,205.629,269.522,104.991,12.962,593.105,49480,537,5594,45235,35845,47380,233101,137104,d6520614beb5f95009683ece6f972b5f1fd21bfd193be88e930337581e2b5711,b06e5f888c11ad11a9b18ab1880dd04f4d38a21a7533aa25602bd85d8875f4d9,1817,35605,41199,47380
nas,/home/lmsousa/Documents/Projects/SPeCS/clang-dumper-ast-flatbuffers/test/inputs/nas_bt.c,eager,8,408.251,66.221,71.478,11.884,557.833,49480,537,5594,45235,35845,233101,233101,137104,d6520614beb5f95009683ece6f972b5f1fd21bfd193be88e930337581e2b5711,b06e5f888c11ad11a9b18ab1880dd04f4d38a21a7533aa25602bd85d8875f4d9,233101,233101,233101,233101
nas,/home/lmsousa/Documents/Projects/SPeCS/clang-dumper-ast-flatbuffers/test/inputs/nas_bt.c,lazy,9,204.871,269.915,102.984,12.794,590.565,49480,537,5594,45235,35845,47380,233101,137104,d6520614beb5f95009683ece6f972b5f1fd21bfd193be88e930337581e2b5711,b06e5f888c11ad11a9b18ab1880dd04f4d38a21a7533aa25602bd85d8875f4d9,1817,35605,41199,47380
nas,/home/lmsousa/Documents/Projects/SPeCS/clang-dumper-ast-flatbuffers/test/inputs/nas_bt.c,text,9,468.643,86.436,78.838,12.430,646.347,49480,537,5594,45235,0,0,0,137104,d6520614beb5f95009683ece6f972b5f1fd21bfd193be88e930337581e2b5711,b06e5f888c11ad11a9b18ab1880dd04f4d38a21a7533aa25602bd85d8875f4d9,0,0,0,0
nas,/home/lmsousa/Documents/Projects/SPeCS/clang-dumper-ast-flatbuffers/test/inputs/nas_bt.c,eager,9,407.597,77.224,91.030,10.566,586.416,49480,537,5594,45235,35845,233101,233101,137104,d6520614beb5f95009683ece6f972b5f1fd21bfd193be88e930337581e2b5711,b06e5f888c11ad11a9b18ab1880dd04f4d38a21a7533aa25602bd85d8875f4d9,233101,233101,233101,233101
nas,/home/lmsousa/Documents/Projects/SPeCS/clang-dumper-ast-flatbuffers/test/inputs/nas_bt.c,eager,10,398.505,83.556,70.269,10.477,562.807,49480,537,5594,45235,35845,233101,233101,137104,d6520614beb5f95009683ece6f972b5f1fd21bfd193be88e930337581e2b5711,b06e5f888c11ad11a9b18ab1880dd04f4d38a21a7533aa25602bd85d8875f4d9,233101,233101,233101,233101
nas,/home/lmsousa/Documents/Projects/SPeCS/clang-dumper-ast-flatbuffers/test/inputs/nas_bt.c,text,10,453.452,84.106,90.813,10.560,638.931,49480,537,5594,45235,0,0,0,137104,d6520614beb5f95009683ece6f972b5f1fd21bfd193be88e930337581e2b5711,b06e5f888c11ad11a9b18ab1880dd04f4d38a21a7533aa25602bd85d8875f4d9,0,0,0,0
nas,/home/lmsousa/Documents/Projects/SPeCS/clang-dumper-ast-flatbuffers/test/inputs/nas_bt.c,lazy,10,195.617,264.184,83.659,13.827,557.287,49480,537,5594,45235,35845,47380,233101,137104,d6520614beb5f95009683ece6f972b5f1fd21bfd193be88e930337581e2b5711,b06e5f888c11ad11a9b18ab1880dd04f4d38a21a7533aa25602bd85d8875f4d9,1817,35605,41199,47380
nas,/home/lmsousa/Documents/Projects/SPeCS/clang-dumper-ast-flatbuffers/test/inputs/nas_bt.c,eager,11,415.761,81.403,88.665,10.750,596.578,49480,537,5594,45235,35845,233101,233101,137104,d6520614beb5f95009683ece6f972b5f1fd21bfd193be88e930337581e2b5711,b06e5f888c11ad11a9b18ab1880dd04f4d38a21a7533aa25602bd85d8875f4d9,233101,233101,233101,233101
nas,/home/lmsousa/Documents/Projects/SPeCS/clang-dumper-ast-flatbuffers/test/inputs/nas_bt.c,lazy,11,196.765,263.728,81.955,12.498,554.947,49480,537,5594,45235,35845,47380,233101,137104,d6520614beb5f95009683ece6f972b5f1fd21bfd193be88e930337581e2b5711,b06e5f888c11ad11a9b18ab1880dd04f4d38a21a7533aa25602bd85d8875f4d9,1817,35605,41199,47380
nas,/home/lmsousa/Documents/Projects/SPeCS/clang-dumper-ast-flatbuffers/test/inputs/nas_bt.c,text,11,455.566,91.420,101.074,12.941,661.000,49480,537,5594,45235,0,0,0,137104,d6520614beb5f95009683ece6f972b5f1fd21bfd193be88e930337581e2b5711,b06e5f888c11ad11a9b18ab1880dd04f4d38a21a7533aa25602bd85d8875f4d9,0,0,0,0
