suite,stage,mode,repeat,elapsed_s,junit_aggregate_s,total_tests,passed_tests,failed_tests,skipped_tests,cacheable_calls,cache_hits,cache_misses,agent,no_explicit_gc_flags,fast_syntax,clava_revision,native_revision,native_binary_sha256,clava_patch_sha256,native_build_provenance_sha256,runtime_manifest_sha256
clava-js,before-cache,direct,1,37.57,,164,158,0,6,0,0,0,,,True,70c30bdb8cce66dba53c0e2963c3ec31cbc223bc,522c60be801256999fd6aba4997038f440212975,c6de0d20f4c330e9f480ac5234e1c44202d524ed4b36064ef02e3373e211b657,222649f4f714d03699b3701e027590fb617ebc8bae62a2faa6ac7ad07a1501de,b8006d56562b7073b5ed790577ca6883ddcaafaec428e9b87fb099f9330826ca,26d735a42875dfb09cf4643fd6b4aec78262184109aab40c4395a8298349f1bc
clava-js,before-cache,direct,2,37.57,,164,158,0,6,0,0,0,,,True,70c30bdb8cce66dba53c0e2963c3ec31cbc223bc,522c60be801256999fd6aba4997038f440212975,c6de0d20f4c330e9f480ac5234e1c44202d524ed4b36064ef02e3373e211b657,222649f4f714d03699b3701e027590fb617ebc8bae62a2faa6ac7ad07a1501de,b8006d56562b7073b5ed790577ca6883ddcaafaec428e9b87fb099f9330826ca,26d735a42875dfb09cf4643fd6b4aec78262184109aab40c4395a8298349f1bc
clava-js,before-cache,direct,3,38.73,,164,158,0,6,0,0,0,,,True,70c30bdb8cce66dba53c0e2963c3ec31cbc223bc,522c60be801256999fd6aba4997038f440212975,c6de0d20f4c330e9f480ac5234e1c44202d524ed4b36064ef02e3373e211b657,222649f4f714d03699b3701e027590fb617ebc8bae62a2faa6ac7ad07a1501de,b8006d56562b7073b5ed790577ca6883ddcaafaec428e9b87fb099f9330826ca,26d735a42875dfb09cf4643fd6b4aec78262184109aab40c4395a8298349f1bc
clava-js,before-cache,direct,4,36.84,,164,158,0,6,0,0,0,,,True,70c30bdb8cce66dba53c0e2963c3ec31cbc223bc,522c60be801256999fd6aba4997038f440212975,c6de0d20f4c330e9f480ac5234e1c44202d524ed4b36064ef02e3373e211b657,222649f4f714d03699b3701e027590fb617ebc8bae62a2faa6ac7ad07a1501de,b8006d56562b7073b5ed790577ca6883ddcaafaec428e9b87fb099f9330826ca,26d735a42875dfb09cf4643fd6b4aec78262184109aab40c4395a8298349f1bc
clava-js,ccache-text,direct,1,37.82,,164,158,0,6,0,0,0,,,True,bae33249933f57bd78de5121dbb9611ace955aa1,c549b4b2f490af8a1be20b5f30e7aa875c9c95fe,b145b989a87e5e22288ce8e39ffb223669b761bf1ac7d8f8855cc7f19b6f024e,ff7cbfeb979fb625800eb8bf9463ffcebb481b94e5aebc4d8dd86fb801fcc24c,f68c93e2edf15707be46207987ca4a652d1b8e1e8e710b9f2c7f90d46611d82d,41d42a3125636e6cd1a0843c585e2e858d1584886691149796331ee7b6e8421d
clava-js,ccache-text,direct,2,37.65,,164,158,0,6,0,0,0,,,True,bae33249933f57bd78de5121dbb9611ace955aa1,c549b4b2f490af8a1be20b5f30e7aa875c9c95fe,b145b989a87e5e22288ce8e39ffb223669b761bf1ac7d8f8855cc7f19b6f024e,ff7cbfeb979fb625800eb8bf9463ffcebb481b94e5aebc4d8dd86fb801fcc24c,f68c93e2edf15707be46207987ca4a652d1b8e1e8e710b9f2c7f90d46611d82d,41d42a3125636e6cd1a0843c585e2e858d1584886691149796331ee7b6e8421d
clava-js,ccache-text,direct,3,38.09,,164,158,0,6,0,0,0,,,True,bae33249933f57bd78de5121dbb9611ace955aa1,c549b4b2f490af8a1be20b5f30e7aa875c9c95fe,b145b989a87e5e22288ce8e39ffb223669b761bf1ac7d8f8855cc7f19b6f024e,ff7cbfeb979fb625800eb8bf9463ffcebb481b94e5aebc4d8dd86fb801fcc24c,f68c93e2edf15707be46207987ca4a652d1b8e1e8e710b9f2c7f90d46611d82d,41d42a3125636e6cd1a0843c585e2e858d1584886691149796331ee7b6e8421d
clava-js,ccache-text,direct,4,36.95,,164,158,0,6,0,0,0,,,True,bae33249933f57bd78de5121dbb9611ace955aa1,c549b4b2f490af8a1be20b5f30e7aa875c9c95fe,b145b989a87e5e22288ce8e39ffb223669b761bf1ac7d8f8855cc7f19b6f024e,ff7cbfeb979fb625800eb8bf9463ffcebb481b94e5aebc4d8dd86fb801fcc24c,f68c93e2edf15707be46207987ca4a652d1b8e1e8e710b9f2c7f90d46611d82d,41d42a3125636e6cd1a0843c585e2e858d1584886691149796331ee7b6e8421d
clava-js,protobuf,direct,1,38.7,,164,158,0,6,0,0,0,,,True,52bbaaed4259cbf4431e66e36afe3c163f1ec7cc,ab9d0238bd9c27eb9f156fd19967d16025137a37,8c6dc982c3303c9e574f2ed11d005081fef0f83c177c02acc56495305b23ec6b,a19418253f4b730bfd351240ae7b2036104fe0504400d235c7dce4d7a7d52aa2,28b4be787ec270d5eddd0145cec780ff8d4aa377a0961736de5678639942df03,8d1171733e28d935ed4e504a7d194ae537d041fd46c977f47ce24ffc0a6cc5d3
clava-js,protobuf,direct,2,38.28,,164,158,0,6,0,0,0,,,True,52bbaaed4259cbf4431e66e36afe3c163f1ec7cc,ab9d0238bd9c27eb9f156fd19967d16025137a37,8c6dc982c3303c9e574f2ed11d005081fef0f83c177c02acc56495305b23ec6b,a19418253f4b730bfd351240ae7b2036104fe0504400d235c7dce4d7a7d52aa2,28b4be787ec270d5eddd0145cec780ff8d4aa377a0961736de5678639942df03,8d1171733e28d935ed4e504a7d194ae537d041fd46c977f47ce24ffc0a6cc5d3
clava-js,protobuf,direct,3,37.87,,164,158,0,6,0,0,0,,,True,52bbaaed4259cbf4431e66e36afe3c163f1ec7cc,ab9d0238bd9c27eb9f156fd19967d16025137a37,8c6dc982c3303c9e574f2ed11d005081fef0f83c177c02acc56495305b23ec6b,a19418253f4b730bfd351240ae7b2036104fe0504400d235c7dce4d7a7d52aa2,28b4be787ec270d5eddd0145cec780ff8d4aa377a0961736de5678639942df03,8d1171733e28d935ed4e504a7d194ae537d041fd46c977f47ce24ffc0a6cc5d3
clava-js,protobuf,direct,4,38.03,,164,158,0,6,0,0,0,,,True,52bbaaed4259cbf4431e66e36afe3c163f1ec7cc,ab9d0238bd9c27eb9f156fd19967d16025137a37,8c6dc982c3303c9e574f2ed11d005081fef0f83c177c02acc56495305b23ec6b,a19418253f4b730bfd351240ae7b2036104fe0504400d235c7dce4d7a7d52aa2,28b4be787ec270d5eddd0145cec780ff8d4aa377a0961736de5678639942df03,8d1171733e28d935ed4e504a7d194ae537d041fd46c977f47ce24ffc0a6cc5d3
clava-js,flatbuffers,direct,1,38.68,,164,158,0,6,0,0,0,,,True,01c6b739e5606af12734a3a21c63a45ce5dd5e67,0a27378395b2f10d232cbd0f7b167e5e588f95b8,3f019caf6fd1e3366a44819bca4d6ae465e303c858349350e608b16624002422,12bea3a9f4cf5ac099558b8af9ca04362a4d3a798558a860014a624223007008,b87f4cdd7982ffc31c309affa8131a2a04432c33a68d72290710f9d4b0a040e1,595ca64e52b3c9f94edb5a0920912abe8dd093cd3e04a978b9f768efc2d01abc
clava-js,flatbuffers,direct,2,37.58,,164,158,0,6,0,0,0,,,True,01c6b739e5606af12734a3a21c63a45ce5dd5e67,0a27378395b2f10d232cbd0f7b167e5e588f95b8,3f019caf6fd1e3366a44819bca4d6ae465e303c858349350e608b16624002422,12bea3a9f4cf5ac099558b8af9ca04362a4d3a798558a860014a624223007008,b87f4cdd7982ffc31c309affa8131a2a04432c33a68d72290710f9d4b0a040e1,595ca64e52b3c9f94edb5a0920912abe8dd093cd3e04a978b9f768efc2d01abc
clava-js,flatbuffers,direct,3,37.58,,164,158,0,6,0,0,0,,,True,01c6b739e5606af12734a3a21c63a45ce5dd5e67,0a27378395b2f10d232cbd0f7b167e5e588f95b8,3f019caf6fd1e3366a44819bca4d6ae465e303c858349350e608b16624002422,12bea3a9f4cf5ac099558b8af9ca04362a4d3a798558a860014a624223007008,b87f4cdd7982ffc31c309affa8131a2a04432c33a68d72290710f9d4b0a040e1,595ca64e52b3c9f94edb5a0920912abe8dd093cd3e04a978b9f768efc2d01abc
clava-js,flatbuffers,direct,4,38.1,,164,158,0,6,0,0,0,,,True,01c6b739e5606af12734a3a21c63a45ce5dd5e67,0a27378395b2f10d232cbd0f7b167e5e588f95b8,3f019caf6fd1e3366a44819bca4d6ae465e303c858349350e608b16624002422,12bea3a9f4cf5ac099558b8af9ca04362a4d3a798558a860014a624223007008,b87f4cdd7982ffc31c309affa8131a2a04432c33a68d72290710f9d4b0a040e1,595ca64e52b3c9f94edb5a0920912abe8dd093cd3e04a978b9f768efc2d01abc
clava-js,ccache-text,cold,1,38.11,,164,158,0,6,166,16,150,,,True,bae33249933f57bd78de5121dbb9611ace955aa1,c549b4b2f490af8a1be20b5f30e7aa875c9c95fe,b145b989a87e5e22288ce8e39ffb223669b761bf1ac7d8f8855cc7f19b6f024e,ff7cbfeb979fb625800eb8bf9463ffcebb481b94e5aebc4d8dd86fb801fcc24c,f68c93e2edf15707be46207987ca4a652d1b8e1e8e710b9f2c7f90d46611d82d,41d42a3125636e6cd1a0843c585e2e858d1584886691149796331ee7b6e8421d
clava-js,ccache-text,cold,2,38.38,,164,158,0,6,166,16,150,,,True,bae33249933f57bd78de5121dbb9611ace955aa1,c549b4b2f490af8a1be20b5f30e7aa875c9c95fe,b145b989a87e5e22288ce8e39ffb223669b761bf1ac7d8f8855cc7f19b6f024e,ff7cbfeb979fb625800eb8bf9463ffcebb481b94e5aebc4d8dd86fb801fcc24c,f68c93e2edf15707be46207987ca4a652d1b8e1e8e710b9f2c7f90d46611d82d,41d42a3125636e6cd1a0843c585e2e858d1584886691149796331ee7b6e8421d
clava-js,ccache-text,cold,3,38.18,,164,158,0,6,166,16,150,,,True,bae33249933f57bd78de5121dbb9611ace955aa1,c549b4b2f490af8a1be20b5f30e7aa875c9c95fe,b145b989a87e5e22288ce8e39ffb223669b761bf1ac7d8f8855cc7f19b6f024e,ff7cbfeb979fb625800eb8bf9463ffcebb481b94e5aebc4d8dd86fb801fcc24c,f68c93e2edf15707be46207987ca4a652d1b8e1e8e710b9f2c7f90d46611d82d,41d42a3125636e6cd1a0843c585e2e858d1584886691149796331ee7b6e8421d
clava-js,ccache-text,cold,4,37.88,,164,158,0,6,166,16,150,,,True,bae33249933f57bd78de5121dbb9611ace955aa1,c549b4b2f490af8a1be20b5f30e7aa875c9c95fe,b145b989a87e5e22288ce8e39ffb223669b761bf1ac7d8f8855cc7f19b6f024e,ff7cbfeb979fb625800eb8bf9463ffcebb481b94e5aebc4d8dd86fb801fcc24c,f68c93e2edf15707be46207987ca4a652d1b8e1e8e710b9f2c7f90d46611d82d,41d42a3125636e6cd1a0843c585e2e858d1584886691149796331ee7b6e8421d
clava-js,protobuf,cold,1,40.47,,164,158,0,6,166,16,150,,,True,52bbaaed4259cbf4431e66e36afe3c163f1ec7cc,ab9d0238bd9c27eb9f156fd19967d16025137a37,8c6dc982c3303c9e574f2ed11d005081fef0f83c177c02acc56495305b23ec6b,a19418253f4b730bfd351240ae7b2036104fe0504400d235c7dce4d7a7d52aa2,28b4be787ec270d5eddd0145cec780ff8d4aa377a0961736de5678639942df03,8d1171733e28d935ed4e504a7d194ae537d041fd46c977f47ce24ffc0a6cc5d3
clava-js,protobuf,cold,2,38.94,,164,158,0,6,166,16,150,,,True,52bbaaed4259cbf4431e66e36afe3c163f1ec7cc,ab9d0238bd9c27eb9f156fd19967d16025137a37,8c6dc982c3303c9e574f2ed11d005081fef0f83c177c02acc56495305b23ec6b,a19418253f4b730bfd351240ae7b2036104fe0504400d235c7dce4d7a7d52aa2,28b4be787ec270d5eddd0145cec780ff8d4aa377a0961736de5678639942df03,8d1171733e28d935ed4e504a7d194ae537d041fd46c977f47ce24ffc0a6cc5d3
clava-js,protobuf,cold,3,37.87,,164,158,0,6,166,16,150,,,True,52bbaaed4259cbf4431e66e36afe3c163f1ec7cc,ab9d0238bd9c27eb9f156fd19967d16025137a37,8c6dc982c3303c9e574f2ed11d005081fef0f83c177c02acc56495305b23ec6b,a19418253f4b730bfd351240ae7b2036104fe0504400d235c7dce4d7a7d52aa2,28b4be787ec270d5eddd0145cec780ff8d4aa377a0961736de5678639942df03,8d1171733e28d935ed4e504a7d194ae537d041fd46c977f47ce24ffc0a6cc5d3
clava-js,protobuf,cold,4,38.7,,164,158,0,6,166,16,150,,,True,52bbaaed4259cbf4431e66e36afe3c163f1ec7cc,ab9d0238bd9c27eb9f156fd19967d16025137a37,8c6dc982c3303c9e574f2ed11d005081fef0f83c177c02acc56495305b23ec6b,a19418253f4b730bfd351240ae7b2036104fe0504400d235c7dce4d7a7d52aa2,28b4be787ec270d5eddd0145cec780ff8d4aa377a0961736de5678639942df03,8d1171733e28d935ed4e504a7d194ae537d041fd46c977f47ce24ffc0a6cc5d3
clava-js,flatbuffers,cold,1,38.46,,164,158,0,6,166,16,150,,,True,01c6b739e5606af12734a3a21c63a45ce5dd5e67,0a27378395b2f10d232cbd0f7b167e5e588f95b8,3f019caf6fd1e3366a44819bca4d6ae465e303c858349350e608b16624002422,12bea3a9f4cf5ac099558b8af9ca04362a4d3a798558a860014a624223007008,b87f4cdd7982ffc31c309affa8131a2a04432c33a68d72290710f9d4b0a040e1,595ca64e52b3c9f94edb5a0920912abe8dd093cd3e04a978b9f768efc2d01abc
clava-js,flatbuffers,cold,2,38.58,,164,158,0,6,166,16,150,,,True,01c6b739e5606af12734a3a21c63a45ce5dd5e67,0a27378395b2f10d232cbd0f7b167e5e588f95b8,3f019caf6fd1e3366a44819bca4d6ae465e303c858349350e608b16624002422,12bea3a9f4cf5ac099558b8af9ca04362a4d3a798558a860014a624223007008,b87f4cdd7982ffc31c309affa8131a2a04432c33a68d72290710f9d4b0a040e1,595ca64e52b3c9f94edb5a0920912abe8dd093cd3e04a978b9f768efc2d01abc
clava-js,flatbuffers,cold,3,37.98,,164,158,0,6,166,16,150,,,True,01c6b739e5606af12734a3a21c63a45ce5dd5e67,0a27378395b2f10d232cbd0f7b167e5e588f95b8,3f019caf6fd1e3366a44819bca4d6ae465e303c858349350e608b16624002422,12bea3a9f4cf5ac099558b8af9ca04362a4d3a798558a860014a624223007008,b87f4cdd7982ffc31c309affa8131a2a04432c33a68d72290710f9d4b0a040e1,595ca64e52b3c9f94edb5a0920912abe8dd093cd3e04a978b9f768efc2d01abc
clava-js,flatbuffers,cold,4,38.43,,164,158,0,6,166,16,150,,,True,01c6b739e5606af12734a3a21c63a45ce5dd5e67,0a27378395b2f10d232cbd0f7b167e5e588f95b8,3f019caf6fd1e3366a44819bca4d6ae465e303c858349350e608b16624002422,12bea3a9f4cf5ac099558b8af9ca04362a4d3a798558a860014a624223007008,b87f4cdd7982ffc31c309affa8131a2a04432c33a68d72290710f9d4b0a040e1,595ca64e52b3c9f94edb5a0920912abe8dd093cd3e04a978b9f768efc2d01abc
clava-js,ccache-text,warm,1,33.7,,164,158,0,6,166,166,0,,,True,bae33249933f57bd78de5121dbb9611ace955aa1,c549b4b2f490af8a1be20b5f30e7aa875c9c95fe,b145b989a87e5e22288ce8e39ffb223669b761bf1ac7d8f8855cc7f19b6f024e,ff7cbfeb979fb625800eb8bf9463ffcebb481b94e5aebc4d8dd86fb801fcc24c,f68c93e2edf15707be46207987ca4a652d1b8e1e8e710b9f2c7f90d46611d82d,41d42a3125636e6cd1a0843c585e2e858d1584886691149796331ee7b6e8421d
clava-js,ccache-text,warm,2,33.77,,164,158,0,6,166,166,0,,,True,bae33249933f57bd78de5121dbb9611ace955aa1,c549b4b2f490af8a1be20b5f30e7aa875c9c95fe,b145b989a87e5e22288ce8e39ffb223669b761bf1ac7d8f8855cc7f19b6f024e,ff7cbfeb979fb625800eb8bf9463ffcebb481b94e5aebc4d8dd86fb801fcc24c,f68c93e2edf15707be46207987ca4a652d1b8e1e8e710b9f2c7f90d46611d82d,41d42a3125636e6cd1a0843c585e2e858d1584886691149796331ee7b6e8421d
clava-js,ccache-text,warm,3,34.17,,164,158,0,6,166,166,0,,,True,bae33249933f57bd78de5121dbb9611ace955aa1,c549b4b2f490af8a1be20b5f30e7aa875c9c95fe,b145b989a87e5e22288ce8e39ffb223669b761bf1ac7d8f8855cc7f19b6f024e,ff7cbfeb979fb625800eb8bf9463ffcebb481b94e5aebc4d8dd86fb801fcc24c,f68c93e2edf15707be46207987ca4a652d1b8e1e8e710b9f2c7f90d46611d82d,41d42a3125636e6cd1a0843c585e2e858d1584886691149796331ee7b6e8421d
clava-js,ccache-text,warm,4,33.22,,164,158,0,6,166,166,0,,,True,bae33249933f57bd78de5121dbb9611ace955aa1,c549b4b2f490af8a1be20b5f30e7aa875c9c95fe,b145b989a87e5e22288ce8e39ffb223669b761bf1ac7d8f8855cc7f19b6f024e,ff7cbfeb979fb625800eb8bf9463ffcebb481b94e5aebc4d8dd86fb801fcc24c,f68c93e2edf15707be46207987ca4a652d1b8e1e8e710b9f2c7f90d46611d82d,41d42a3125636e6cd1a0843c585e2e858d1584886691149796331ee7b6e8421d
clava-js,protobuf,warm,1,35.01,,164,158,0,6,166,166,0,,,True,52bbaaed4259cbf4431e66e36afe3c163f1ec7cc,ab9d0238bd9c27eb9f156fd19967d16025137a37,8c6dc982c3303c9e574f2ed11d005081fef0f83c177c02acc56495305b23ec6b,a19418253f4b730bfd351240ae7b2036104fe0504400d235c7dce4d7a7d52aa2,28b4be787ec270d5eddd0145cec780ff8d4aa377a0961736de5678639942df03,8d1171733e28d935ed4e504a7d194ae537d041fd46c977f47ce24ffc0a6cc5d3
clava-js,protobuf,warm,2,34.52,,164,158,0,6,166,166,0,,,True,52bbaaed4259cbf4431e66e36afe3c163f1ec7cc,ab9d0238bd9c27eb9f156fd19967d16025137a37,8c6dc982c3303c9e574f2ed11d005081fef0f83c177c02acc56495305b23ec6b,a19418253f4b730bfd351240ae7b2036104fe0504400d235c7dce4d7a7d52aa2,28b4be787ec270d5eddd0145cec780ff8d4aa377a0961736de5678639942df03,8d1171733e28d935ed4e504a7d194ae537d041fd46c977f47ce24ffc0a6cc5d3
clava-js,protobuf,warm,3,34.44,,164,158,0,6,166,166,0,,,True,52bbaaed4259cbf4431e66e36afe3c163f1ec7cc,ab9d0238bd9c27eb9f156fd19967d16025137a37,8c6dc982c3303c9e574f2ed11d005081fef0f83c177c02acc56495305b23ec6b,a19418253f4b730bfd351240ae7b2036104fe0504400d235c7dce4d7a7d52aa2,28b4be787ec270d5eddd0145cec780ff8d4aa377a0961736de5678639942df03,8d1171733e28d935ed4e504a7d194ae537d041fd46c977f47ce24ffc0a6cc5d3
clava-js,protobuf,warm,4,34.89,,164,158,0,6,166,166,0,,,True,52bbaaed4259cbf4431e66e36afe3c163f1ec7cc,ab9d0238bd9c27eb9f156fd19967d16025137a37,8c6dc982c3303c9e574f2ed11d005081fef0f83c177c02acc56495305b23ec6b,a19418253f4b730bfd351240ae7b2036104fe0504400d235c7dce4d7a7d52aa2,28b4be787ec270d5eddd0145cec780ff8d4aa377a0961736de5678639942df03,8d1171733e28d935ed4e504a7d194ae537d041fd46c977f47ce24ffc0a6cc5d3
clava-js,flatbuffers,warm,1,35.59,,164,158,0,6,166,166,0,,,True,01c6b739e5606af12734a3a21c63a45ce5dd5e67,0a27378395b2f10d232cbd0f7b167e5e588f95b8,3f019caf6fd1e3366a44819bca4d6ae465e303c858349350e608b16624002422,12bea3a9f4cf5ac099558b8af9ca04362a4d3a798558a860014a624223007008,b87f4cdd7982ffc31c309affa8131a2a04432c33a68d72290710f9d4b0a040e1,595ca64e52b3c9f94edb5a0920912abe8dd093cd3e04a978b9f768efc2d01abc
clava-js,flatbuffers,warm,2,34.84,,164,158,0,6,166,166,0,,,True,01c6b739e5606af12734a3a21c63a45ce5dd5e67,0a27378395b2f10d232cbd0f7b167e5e588f95b8,3f019caf6fd1e3366a44819bca4d6ae465e303c858349350e608b16624002422,12bea3a9f4cf5ac099558b8af9ca04362a4d3a798558a860014a624223007008,b87f4cdd7982ffc31c309affa8131a2a04432c33a68d72290710f9d4b0a040e1,595ca64e52b3c9f94edb5a0920912abe8dd093cd3e04a978b9f768efc2d01abc
clava-js,flatbuffers,warm,3,34.35,,164,158,0,6,166,166,0,,,True,01c6b739e5606af12734a3a21c63a45ce5dd5e67,0a27378395b2f10d232cbd0f7b167e5e588f95b8,3f019caf6fd1e3366a44819bca4d6ae465e303c858349350e608b16624002422,12bea3a9f4cf5ac099558b8af9ca04362a4d3a798558a860014a624223007008,b87f4cdd7982ffc31c309affa8131a2a04432c33a68d72290710f9d4b0a040e1,595ca64e52b3c9f94edb5a0920912abe8dd093cd3e04a978b9f768efc2d01abc
clava-js,flatbuffers,warm,4,34.72,,164,158,0,6,166,166,0,,,True,01c6b739e5606af12734a3a21c63a45ce5dd5e67,0a27378395b2f10d232cbd0f7b167e5e588f95b8,3f019caf6fd1e3366a44819bca4d6ae465e303c858349350e608b16624002422,12bea3a9f4cf5ac099558b8af9ca04362a4d3a798558a860014a624223007008,b87f4cdd7982ffc31c309affa8131a2a04432c33a68d72290710f9d4b0a040e1,595ca64e52b3c9f94edb5a0920912abe8dd093cd3e04a978b9f768efc2d01abc
java,before-cache,direct,1,33.09,26.844999999999995,116,116,0,0,0,0,0,off,True,True,70c30bdb8cce66dba53c0e2963c3ec31cbc223bc,522c60be801256999fd6aba4997038f440212975,c6de0d20f4c330e9f480ac5234e1c44202d524ed4b36064ef02e3373e211b657,222649f4f714d03699b3701e027590fb617ebc8bae62a2faa6ac7ad07a1501de,b8006d56562b7073b5ed790577ca6883ddcaafaec428e9b87fb099f9330826ca,26d735a42875dfb09cf4643fd6b4aec78262184109aab40c4395a8298349f1bc
java,before-cache,direct,2,32.24,26.109999999999996,116,116,0,0,0,0,0,off,True,True,70c30bdb8cce66dba53c0e2963c3ec31cbc223bc,522c60be801256999fd6aba4997038f440212975,c6de0d20f4c330e9f480ac5234e1c44202d524ed4b36064ef02e3373e211b657,222649f4f714d03699b3701e027590fb617ebc8bae62a2faa6ac7ad07a1501de,b8006d56562b7073b5ed790577ca6883ddcaafaec428e9b87fb099f9330826ca,26d735a42875dfb09cf4643fd6b4aec78262184109aab40c4395a8298349f1bc
java,before-cache,direct,3,31.65,25.787000000000003,116,116,0,0,0,0,0,off,True,True,70c30bdb8cce66dba53c0e2963c3ec31cbc223bc,522c60be801256999fd6aba4997038f440212975,c6de0d20f4c330e9f480ac5234e1c44202d524ed4b36064ef02e3373e211b657,222649f4f714d03699b3701e027590fb617ebc8bae62a2faa6ac7ad07a1501de,b8006d56562b7073b5ed790577ca6883ddcaafaec428e9b87fb099f9330826ca,26d735a42875dfb09cf4643fd6b4aec78262184109aab40c4395a8298349f1bc
java,before-cache,direct,4,32.78,26.530000000000005,116,116,0,0,0,0,0,off,True,True,70c30bdb8cce66dba53c0e2963c3ec31cbc223bc,522c60be801256999fd6aba4997038f440212975,c6de0d20f4c330e9f480ac5234e1c44202d524ed4b36064ef02e3373e211b657,222649f4f714d03699b3701e027590fb617ebc8bae62a2faa6ac7ad07a1501de,b8006d56562b7073b5ed790577ca6883ddcaafaec428e9b87fb099f9330826ca,26d735a42875dfb09cf4643fd6b4aec78262184109aab40c4395a8298349f1bc
java,ccache-text,direct,1,35.28,29.337999999999997,116,116,0,0,0,0,0,off,True,True,bae33249933f57bd78de5121dbb9611ace955aa1,c549b4b2f490af8a1be20b5f30e7aa875c9c95fe,b145b989a87e5e22288ce8e39ffb223669b761bf1ac7d8f8855cc7f19b6f024e,ff7cbfeb979fb625800eb8bf9463ffcebb481b94e5aebc4d8dd86fb801fcc24c,f68c93e2edf15707be46207987ca4a652d1b8e1e8e710b9f2c7f90d46611d82d,41d42a3125636e6cd1a0843c585e2e858d1584886691149796331ee7b6e8421d
java,ccache-text,direct,2,35.38,29.404999999999998,116,116,0,0,0,0,0,off,True,True,bae33249933f57bd78de5121dbb9611ace955aa1,c549b4b2f490af8a1be20b5f30e7aa875c9c95fe,b145b989a87e5e22288ce8e39ffb223669b761bf1ac7d8f8855cc7f19b6f024e,ff7cbfeb979fb625800eb8bf9463ffcebb481b94e5aebc4d8dd86fb801fcc24c,f68c93e2edf15707be46207987ca4a652d1b8e1e8e710b9f2c7f90d46611d82d,41d42a3125636e6cd1a0843c585e2e858d1584886691149796331ee7b6e8421d
java,ccache-text,direct,3,35.29,29.317999999999998,116,116,0,0,0,0,0,off,True,True,bae33249933f57bd78de5121dbb9611ace955aa1,c549b4b2f490af8a1be20b5f30e7aa875c9c95fe,b145b989a87e5e22288ce8e39ffb223669b761bf1ac7d8f8855cc7f19b6f024e,ff7cbfeb979fb625800eb8bf9463ffcebb481b94e5aebc4d8dd86fb801fcc24c,f68c93e2edf15707be46207987ca4a652d1b8e1e8e710b9f2c7f90d46611d82d,41d42a3125636e6cd1a0843c585e2e858d1584886691149796331ee7b6e8421d
java,ccache-text,direct,4,34.88,29.301,116,116,0,0,0,0,0,off,True,True,bae33249933f57bd78de5121dbb9611ace955aa1,c549b4b2f490af8a1be20b5f30e7aa875c9c95fe,b145b989a87e5e22288ce8e39ffb223669b761bf1ac7d8f8855cc7f19b6f024e,ff7cbfeb979fb625800eb8bf9463ffcebb481b94e5aebc4d8dd86fb801fcc24c,f68c93e2edf15707be46207987ca4a652d1b8e1e8e710b9f2c7f90d46611d82d,41d42a3125636e6cd1a0843c585e2e858d1584886691149796331ee7b6e8421d
java,protobuf,direct,1,35.3,28.941999999999993,116,116,0,0,0,0,0,off,True,True,52bbaaed4259cbf4431e66e36afe3c163f1ec7cc,ab9d0238bd9c27eb9f156fd19967d16025137a37,8c6dc982c3303c9e574f2ed11d005081fef0f83c177c02acc56495305b23ec6b,a19418253f4b730bfd351240ae7b2036104fe0504400d235c7dce4d7a7d52aa2,28b4be787ec270d5eddd0145cec780ff8d4aa377a0961736de5678639942df03,8d1171733e28d935ed4e504a7d194ae537d041fd46c977f47ce24ffc0a6cc5d3
java,protobuf,direct,2,35.57,29.163999999999998,116,116,0,0,0,0,0,off,True,True,52bbaaed4259cbf4431e66e36afe3c163f1ec7cc,ab9d0238bd9c27eb9f156fd19967d16025137a37,8c6dc982c3303c9e574f2ed11d005081fef0f83c177c02acc56495305b23ec6b,a19418253f4b730bfd351240ae7b2036104fe0504400d235c7dce4d7a7d52aa2,28b4be787ec270d5eddd0145cec780ff8d4aa377a0961736de5678639942df03,8d1171733e28d935ed4e504a7d194ae537d041fd46c977f47ce24ffc0a6cc5d3
java,protobuf,direct,3,35.1,28.960999999999995,116,116,0,0,0,0,0,off,True,True,52bbaaed4259cbf4431e66e36afe3c163f1ec7cc,ab9d0238bd9c27eb9f156fd19967d16025137a37,8c6dc982c3303c9e574f2ed11d005081fef0f83c177c02acc56495305b23ec6b,a19418253f4b730bfd351240ae7b2036104fe0504400d235c7dce4d7a7d52aa2,28b4be787ec270d5eddd0145cec780ff8d4aa377a0961736de5678639942df03,8d1171733e28d935ed4e504a7d194ae537d041fd46c977f47ce24ffc0a6cc5d3
java,protobuf,direct,4,35.46,29.474,116,116,0,0,0,0,0,off,True,True,52bbaaed4259cbf4431e66e36afe3c163f1ec7cc,ab9d0238bd9c27eb9f156fd19967d16025137a37,8c6dc982c3303c9e574f2ed11d005081fef0f83c177c02acc56495305b23ec6b,a19418253f4b730bfd351240ae7b2036104fe0504400d235c7dce4d7a7d52aa2,28b4be787ec270d5eddd0145cec780ff8d4aa377a0961736de5678639942df03,8d1171733e28d935ed4e504a7d194ae537d041fd46c977f47ce24ffc0a6cc5d3
java,flatbuffers,direct,1,33.41,27.596999999999998,116,116,0,0,0,0,0,off,True,True,01c6b739e5606af12734a3a21c63a45ce5dd5e67,0a27378395b2f10d232cbd0f7b167e5e588f95b8,3f019caf6fd1e3366a44819bca4d6ae465e303c858349350e608b16624002422,12bea3a9f4cf5ac099558b8af9ca04362a4d3a798558a860014a624223007008,b87f4cdd7982ffc31c309affa8131a2a04432c33a68d72290710f9d4b0a040e1,595ca64e52b3c9f94edb5a0920912abe8dd093cd3e04a978b9f768efc2d01abc
java,flatbuffers,direct,2,33.93,27.858,116,116,0,0,0,0,0,off,True,True,01c6b739e5606af12734a3a21c63a45ce5dd5e67,0a27378395b2f10d232cbd0f7b167e5e588f95b8,3f019caf6fd1e3366a44819bca4d6ae465e303c858349350e608b16624002422,12bea3a9f4cf5ac099558b8af9ca04362a4d3a798558a860014a624223007008,b87f4cdd7982ffc31c309affa8131a2a04432c33a68d72290710f9d4b0a040e1,595ca64e52b3c9f94edb5a0920912abe8dd093cd3e04a978b9f768efc2d01abc
java,flatbuffers,direct,3,33.9,27.802,116,116,0,0,0,0,0,off,True,True,01c6b739e5606af12734a3a21c63a45ce5dd5e67,0a27378395b2f10d232cbd0f7b167e5e588f95b8,3f019caf6fd1e3366a44819bca4d6ae465e303c858349350e608b16624002422,12bea3a9f4cf5ac099558b8af9ca04362a4d3a798558a860014a624223007008,b87f4cdd7982ffc31c309affa8131a2a04432c33a68d72290710f9d4b0a040e1,595ca64e52b3c9f94edb5a0920912abe8dd093cd3e04a978b9f768efc2d01abc
java,flatbuffers,direct,4,33.2,27.361,116,116,0,0,0,0,0,off,True,True,01c6b739e5606af12734a3a21c63a45ce5dd5e67,0a27378395b2f10d232cbd0f7b167e5e588f95b8,3f019caf6fd1e3366a44819bca4d6ae465e303c858349350e608b16624002422,12bea3a9f4cf5ac099558b8af9ca04362a4d3a798558a860014a624223007008,b87f4cdd7982ffc31c309affa8131a2a04432c33a68d72290710f9d4b0a040e1,595ca64e52b3c9f94edb5a0920912abe8dd093cd3e04a978b9f768efc2d01abc
java,ccache-text,cold,1,36.66,30.56299999999999,116,116,0,0,208,0,208,off,True,True,bae33249933f57bd78de5121dbb9611ace955aa1,c549b4b2f490af8a1be20b5f30e7aa875c9c95fe,b145b989a87e5e22288ce8e39ffb223669b761bf1ac7d8f8855cc7f19b6f024e,ff7cbfeb979fb625800eb8bf9463ffcebb481b94e5aebc4d8dd86fb801fcc24c,f68c93e2edf15707be46207987ca4a652d1b8e1e8e710b9f2c7f90d46611d82d,41d42a3125636e6cd1a0843c585e2e858d1584886691149796331ee7b6e8421d
java,ccache-text,cold,2,36.0,30.220999999999997,116,116,0,0,208,0,208,off,True,True,bae33249933f57bd78de5121dbb9611ace955aa1,c549b4b2f490af8a1be20b5f30e7aa875c9c95fe,b145b989a87e5e22288ce8e39ffb223669b761bf1ac7d8f8855cc7f19b6f024e,ff7cbfeb979fb625800eb8bf9463ffcebb481b94e5aebc4d8dd86fb801fcc24c,f68c93e2edf15707be46207987ca4a652d1b8e1e8e710b9f2c7f90d46611d82d,41d42a3125636e6cd1a0843c585e2e858d1584886691149796331ee7b6e8421d
java,ccache-text,cold,3,35.78,30.002,116,116,0,0,208,0,208,off,True,True,bae33249933f57bd78de5121dbb9611ace955aa1,c549b4b2f490af8a1be20b5f30e7aa875c9c95fe,b145b989a87e5e22288ce8e39ffb223669b761bf1ac7d8f8855cc7f19b6f024e,ff7cbfeb979fb625800eb8bf9463ffcebb481b94e5aebc4d8dd86fb801fcc24c,f68c93e2edf15707be46207987ca4a652d1b8e1e8e710b9f2c7f90d46611d82d,41d42a3125636e6cd1a0843c585e2e858d1584886691149796331ee7b6e8421d
java,ccache-text,cold,4,35.99,30.152999999999995,116,116,0,0,208,0,208,off,True,True,bae33249933f57bd78de5121dbb9611ace955aa1,c549b4b2f490af8a1be20b5f30e7aa875c9c95fe,b145b989a87e5e22288ce8e39ffb223669b761bf1ac7d8f8855cc7f19b6f024e,ff7cbfeb979fb625800eb8bf9463ffcebb481b94e5aebc4d8dd86fb801fcc24c,f68c93e2edf15707be46207987ca4a652d1b8e1e8e710b9f2c7f90d46611d82d,41d42a3125636e6cd1a0843c585e2e858d1584886691149796331ee7b6e8421d
java,protobuf,cold,1,36.23,30.035999999999998,116,116,0,0,208,0,208,off,True,True,52bbaaed4259cbf4431e66e36afe3c163f1ec7cc,ab9d0238bd9c27eb9f156fd19967d16025137a37,8c6dc982c3303c9e574f2ed11d005081fef0f83c177c02acc56495305b23ec6b,a19418253f4b730bfd351240ae7b2036104fe0504400d235c7dce4d7a7d52aa2,28b4be787ec270d5eddd0145cec780ff8d4aa377a0961736de5678639942df03,8d1171733e28d935ed4e504a7d194ae537d041fd46c977f47ce24ffc0a6cc5d3
java,protobuf,cold,2,36.78,30.285999999999998,116,116,0,0,208,0,208,off,True,True,52bbaaed4259cbf4431e66e36afe3c163f1ec7cc,ab9d0238bd9c27eb9f156fd19967d16025137a37,8c6dc982c3303c9e574f2ed11d005081fef0f83c177c02acc56495305b23ec6b,a19418253f4b730bfd351240ae7b2036104fe0504400d235c7dce4d7a7d52aa2,28b4be787ec270d5eddd0145cec780ff8d4aa377a0961736de5678639942df03,8d1171733e28d935ed4e504a7d194ae537d041fd46c977f47ce24ffc0a6cc5d3
java,protobuf,cold,3,36.2,29.913999999999998,116,116,0,0,208,0,208,off,True,True,52bbaaed4259cbf4431e66e36afe3c163f1ec7cc,ab9d0238bd9c27eb9f156fd19967d16025137a37,8c6dc982c3303c9e574f2ed11d005081fef0f83c177c02acc56495305b23ec6b,a19418253f4b730bfd351240ae7b2036104fe0504400d235c7dce4d7a7d52aa2,28b4be787ec270d5eddd0145cec780ff8d4aa377a0961736de5678639942df03,8d1171733e28d935ed4e504a7d194ae537d041fd46c977f47ce24ffc0a6cc5d3
java,protobuf,cold,4,35.69,29.487,116,116,0,0,208,0,208,off,True,True,52bbaaed4259cbf4431e66e36afe3c163f1ec7cc,ab9d0238bd9c27eb9f156fd19967d16025137a37,8c6dc982c3303c9e574f2ed11d005081fef0f83c177c02acc56495305b23ec6b,a19418253f4b730bfd351240ae7b2036104fe0504400d235c7dce4d7a7d52aa2,28b4be787ec270d5eddd0145cec780ff8d4aa377a0961736de5678639942df03,8d1171733e28d935ed4e504a7d194ae537d041fd46c977f47ce24ffc0a6cc5d3
java,flatbuffers,cold,1,35.42,29.602999999999998,116,116,0,0,208,0,208,off,True,True,01c6b739e5606af12734a3a21c63a45ce5dd5e67,0a27378395b2f10d232cbd0f7b167e5e588f95b8,3f019caf6fd1e3366a44819bca4d6ae465e303c858349350e608b16624002422,12bea3a9f4cf5ac099558b8af9ca04362a4d3a798558a860014a624223007008,b87f4cdd7982ffc31c309affa8131a2a04432c33a68d72290710f9d4b0a040e1,595ca64e52b3c9f94edb5a0920912abe8dd093cd3e04a978b9f768efc2d01abc
java,flatbuffers,cold,2,34.57,28.630000000000003,116,116,0,0,208,0,208,off,True,True,01c6b739e5606af12734a3a21c63a45ce5dd5e67,0a27378395b2f10d232cbd0f7b167e5e588f95b8,3f019caf6fd1e3366a44819bca4d6ae465e303c858349350e608b16624002422,12bea3a9f4cf5ac099558b8af9ca04362a4d3a798558a860014a624223007008,b87f4cdd7982ffc31c309affa8131a2a04432c33a68d72290710f9d4b0a040e1,595ca64e52b3c9f94edb5a0920912abe8dd093cd3e04a978b9f768efc2d01abc
java,flatbuffers,cold,3,34.5,28.326,116,116,0,0,208,0,208,off,True,True,01c6b739e5606af12734a3a21c63a45ce5dd5e67,0a27378395b2f10d232cbd0f7b167e5e588f95b8,3f019caf6fd1e3366a44819bca4d6ae465e303c858349350e608b16624002422,12bea3a9f4cf5ac099558b8af9ca04362a4d3a798558a860014a624223007008,b87f4cdd7982ffc31c309affa8131a2a04432c33a68d72290710f9d4b0a040e1,595ca64e52b3c9f94edb5a0920912abe8dd093cd3e04a978b9f768efc2d01abc
java,flatbuffers,cold,4,34.2,28.476000000000003,116,116,0,0,208,0,208,off,True,True,01c6b739e5606af12734a3a21c63a45ce5dd5e67,0a27378395b2f10d232cbd0f7b167e5e588f95b8,3f019caf6fd1e3366a44819bca4d6ae465e303c858349350e608b16624002422,12bea3a9f4cf5ac099558b8af9ca04362a4d3a798558a860014a624223007008,b87f4cdd7982ffc31c309affa8131a2a04432c33a68d72290710f9d4b0a040e1,595ca64e52b3c9f94edb5a0920912abe8dd093cd3e04a978b9f768efc2d01abc
java,ccache-text,warm,1,25.45,19.428,116,116,0,0,208,207,1,off,True,True,bae33249933f57bd78de5121dbb9611ace955aa1,c549b4b2f490af8a1be20b5f30e7aa875c9c95fe,b145b989a87e5e22288ce8e39ffb223669b761bf1ac7d8f8855cc7f19b6f024e,ff7cbfeb979fb625800eb8bf9463ffcebb481b94e5aebc4d8dd86fb801fcc24c,f68c93e2edf15707be46207987ca4a652d1b8e1e8e710b9f2c7f90d46611d82d,41d42a3125636e6cd1a0843c585e2e858d1584886691149796331ee7b6e8421d
java,ccache-text,warm,2,24.69,18.878999999999998,116,116,0,0,208,207,1,off,True,True,bae33249933f57bd78de5121dbb9611ace955aa1,c549b4b2f490af8a1be20b5f30e7aa875c9c95fe,b145b989a87e5e22288ce8e39ffb223669b761bf1ac7d8f8855cc7f19b6f024e,ff7cbfeb979fb625800eb8bf9463ffcebb481b94e5aebc4d8dd86fb801fcc24c,f68c93e2edf15707be46207987ca4a652d1b8e1e8e710b9f2c7f90d46611d82d,41d42a3125636e6cd1a0843c585e2e858d1584886691149796331ee7b6e8421d
java,ccache-text,warm,3,24.55,18.806999999999995,116,116,0,0,208,207,1,off,True,True,bae33249933f57bd78de5121dbb9611ace955aa1,c549b4b2f490af8a1be20b5f30e7aa875c9c95fe,b145b989a87e5e22288ce8e39ffb223669b761bf1ac7d8f8855cc7f19b6f024e,ff7cbfeb979fb625800eb8bf9463ffcebb481b94e5aebc4d8dd86fb801fcc24c,f68c93e2edf15707be46207987ca4a652d1b8e1e8e710b9f2c7f90d46611d82d,41d42a3125636e6cd1a0843c585e2e858d1584886691149796331ee7b6e8421d
java,ccache-text,warm,4,24.72,18.876,116,116,0,0,208,207,1,off,True,True,bae33249933f57bd78de5121dbb9611ace955aa1,c549b4b2f490af8a1be20b5f30e7aa875c9c95fe,b145b989a87e5e22288ce8e39ffb223669b761bf1ac7d8f8855cc7f19b6f024e,ff7cbfeb979fb625800eb8bf9463ffcebb481b94e5aebc4d8dd86fb801fcc24c,f68c93e2edf15707be46207987ca4a652d1b8e1e8e710b9f2c7f90d46611d82d,41d42a3125636e6cd1a0843c585e2e858d1584886691149796331ee7b6e8421d
java,protobuf,warm,1,25.16,18.772,116,116,0,0,208,207,1,off,True,True,52bbaaed4259cbf4431e66e36afe3c163f1ec7cc,ab9d0238bd9c27eb9f156fd19967d16025137a37,8c6dc982c3303c9e574f2ed11d005081fef0f83c177c02acc56495305b23ec6b,a19418253f4b730bfd351240ae7b2036104fe0504400d235c7dce4d7a7d52aa2,28b4be787ec270d5eddd0145cec780ff8d4aa377a0961736de5678639942df03,8d1171733e28d935ed4e504a7d194ae537d041fd46c977f47ce24ffc0a6cc5d3
java,protobuf,warm,2,24.96,18.547,116,116,0,0,208,207,1,off,True,True,52bbaaed4259cbf4431e66e36afe3c163f1ec7cc,ab9d0238bd9c27eb9f156fd19967d16025137a37,8c6dc982c3303c9e574f2ed11d005081fef0f83c177c02acc56495305b23ec6b,a19418253f4b730bfd351240ae7b2036104fe0504400d235c7dce4d7a7d52aa2,28b4be787ec270d5eddd0145cec780ff8d4aa377a0961736de5678639942df03,8d1171733e28d935ed4e504a7d194ae537d041fd46c977f47ce24ffc0a6cc5d3
java,protobuf,warm,3,24.69,18.162999999999993,116,116,0,0,208,207,1,off,True,True,52bbaaed4259cbf4431e66e36afe3c163f1ec7cc,ab9d0238bd9c27eb9f156fd19967d16025137a37,8c6dc982c3303c9e574f2ed11d005081fef0f83c177c02acc56495305b23ec6b,a19418253f4b730bfd351240ae7b2036104fe0504400d235c7dce4d7a7d52aa2,28b4be787ec270d5eddd0145cec780ff8d4aa377a0961736de5678639942df03,8d1171733e28d935ed4e504a7d194ae537d041fd46c977f47ce24ffc0a6cc5d3
java,protobuf,warm,4,24.69,18.201999999999998,116,116,0,0,208,207,1,off,True,True,52bbaaed4259cbf4431e66e36afe3c163f1ec7cc,ab9d0238bd9c27eb9f156fd19967d16025137a37,8c6dc982c3303c9e574f2ed11d005081fef0f83c177c02acc56495305b23ec6b,a19418253f4b730bfd351240ae7b2036104fe0504400d235c7dce4d7a7d52aa2,28b4be787ec270d5eddd0145cec780ff8d4aa377a0961736de5678639942df03,8d1171733e28d935ed4e504a7d194ae537d041fd46c977f47ce24ffc0a6cc5d3
java,flatbuffers,warm,1,23.5,17.584999999999997,116,116,0,0,208,207,1,off,True,True,01c6b739e5606af12734a3a21c63a45ce5dd5e67,0a27378395b2f10d232cbd0f7b167e5e588f95b8,3f019caf6fd1e3366a44819bca4d6ae465e303c858349350e608b16624002422,12bea3a9f4cf5ac099558b8af9ca04362a4d3a798558a860014a624223007008,b87f4cdd7982ffc31c309affa8131a2a04432c33a68d72290710f9d4b0a040e1,595ca64e52b3c9f94edb5a0920912abe8dd093cd3e04a978b9f768efc2d01abc
java,flatbuffers,warm,2,23.59,17.673000000000002,116,116,0,0,208,207,1,off,True,True,01c6b739e5606af12734a3a21c63a45ce5dd5e67,0a27378395b2f10d232cbd0f7b167e5e588f95b8,3f019caf6fd1e3366a44819bca4d6ae465e303c858349350e608b16624002422,12bea3a9f4cf5ac099558b8af9ca04362a4d3a798558a860014a624223007008,b87f4cdd7982ffc31c309affa8131a2a04432c33a68d72290710f9d4b0a040e1,595ca64e52b3c9f94edb5a0920912abe8dd093cd3e04a978b9f768efc2d01abc
java,flatbuffers,warm,3,23.23,17.315,116,116,0,0,208,207,1,off,True,True,01c6b739e5606af12734a3a21c63a45ce5dd5e67,0a27378395b2f10d232cbd0f7b167e5e588f95b8,3f019caf6fd1e3366a44819bca4d6ae465e303c858349350e608b16624002422,12bea3a9f4cf5ac099558b8af9ca04362a4d3a798558a860014a624223007008,b87f4cdd7982ffc31c309affa8131a2a04432c33a68d72290710f9d4b0a040e1,595ca64e52b3c9f94edb5a0920912abe8dd093cd3e04a978b9f768efc2d01abc
java,flatbuffers,warm,4,23.1,17.313999999999997,116,116,0,0,208,207,1,off,True,True,01c6b739e5606af12734a3a21c63a45ce5dd5e67,0a27378395b2f10d232cbd0f7b167e5e588f95b8,3f019caf6fd1e3366a44819bca4d6ae465e303c858349350e608b16624002422,12bea3a9f4cf5ac099558b8af9ca04362a4d3a798558a860014a624223007008,b87f4cdd7982ffc31c309affa8131a2a04432c33a68d72290710f9d4b0a040e1,595ca64e52b3c9f94edb5a0920912abe8dd093cd3e04a978b9f768efc2d01abc
