mode,trial,total_ms,native_ms,parse_ms,tu_ms,query_ms,codegen_ms,bytes,typed,materialized,deferred,native_rss_kib,native_user_s,native_sys_s,code_sha256
eager-cold,0,20.020,15.695,2.646,0.883,0.319,0.439,26276,34,228,228,37832,0.00,0.00,a0ec3694f39e652651d2c054e55bac444baf6bf64428067c0e7ca368319a28b7
packed-cold,0,20.657,15.215,3.298,1.118,0.373,0.647,26276,34,53,228,38252,0.00,0.00,a0ec3694f39e652651d2c054e55bac444baf6bf64428067c0e7ca368319a28b7
text-warm,0,7.496,3.428,2.373,0.871,0.371,0.449,4987,0,0,0,7428,0.00,0.00,a0ec3694f39e652651d2c054e55bac444baf6bf64428067c0e7ca368319a28b7
eager-warm,0,7.803,3.574,2.618,0.840,0.320,0.447,26276,34,228,228,7388,0.00,0.00,a0ec3694f39e652651d2c054e55bac444baf6bf64428067c0e7ca368319a28b7
packed-warm,0,8.381,3.726,2.614,1.217,0.353,0.466,26276,34,53,228,7704,0.00,0.00,a0ec3694f39e652651d2c054e55bac444baf6bf64428067c0e7ca368319a28b7
lazy-cold,0,19.497,15.555,2.020,1.110,0.354,0.455,26276,34,53,228,38392,0.00,0.00,a0ec3694f39e652651d2c054e55bac444baf6bf64428067c0e7ca368319a28b7
text-cold,0,18.606,14.864,2.203,0.810,0.310,0.416,5139,0,0,0,38412,0.00,0.00,a0ec3694f39e652651d2c054e55bac444baf6bf64428067c0e7ca368319a28b7
lazy-warm,0,7.474,3.200,2.390,1.088,0.352,0.440,26276,34,53,228,7436,0.00,0.00,a0ec3694f39e652651d2c054e55bac444baf6bf64428067c0e7ca368319a28b7
packed-warm,1,7.341,3.500,1.949,1.056,0.353,0.479,26276,34,53,228,7600,0.00,0.00,a0ec3694f39e652651d2c054e55bac444baf6bf64428067c0e7ca368319a28b7
eager-cold,1,18.828,14.972,2.380,0.781,0.317,0.373,26276,34,228,228,38144,0.00,0.00,a0ec3694f39e652651d2c054e55bac444baf6bf64428067c0e7ca368319a28b7
packed-cold,1,18.689,14.838,1.935,1.066,0.399,0.446,26276,34,53,228,37836,0.00,0.00,a0ec3694f39e652651d2c054e55bac444baf6bf64428067c0e7ca368319a28b7
text-warm,1,7.079,3.382,2.138,0.751,0.330,0.475,4987,0,0,0,7332,0.00,0.00,a0ec3694f39e652651d2c054e55bac444baf6bf64428067c0e7ca368319a28b7
lazy-cold,1,18.567,14.695,1.947,1.127,0.333,0.460,26276,34,53,228,38392,0.00,0.01,a0ec3694f39e652651d2c054e55bac444baf6bf64428067c0e7ca368319a28b7
text-cold,1,18.668,15.095,2.155,0.726,0.303,0.385,5155,0,0,0,39032,0.00,0.00,a0ec3694f39e652651d2c054e55bac444baf6bf64428067c0e7ca368319a28b7
eager-warm,1,6.928,3.304,2.202,0.758,0.302,0.359,26276,34,228,228,7308,0.00,0.00,a0ec3694f39e652651d2c054e55bac444baf6bf64428067c0e7ca368319a28b7
lazy-warm,1,7.142,3.351,1.808,1.217,0.329,0.434,26276,34,53,228,7296,0.00,0.00,a0ec3694f39e652651d2c054e55bac444baf6bf64428067c0e7ca368319a28b7
packed-warm,2,7.139,3.479,1.838,1.089,0.348,0.382,26276,34,53,228,7788,0.00,0.00,a0ec3694f39e652651d2c054e55bac444baf6bf64428067c0e7ca368319a28b7
lazy-cold,2,18.904,15.297,1.829,1.040,0.328,0.406,26276,34,53,228,38396,0.00,0.00,a0ec3694f39e652651d2c054e55bac444baf6bf64428067c0e7ca368319a28b7
text-warm,2,7.524,3.329,2.742,0.722,0.343,0.385,4987,0,0,0,7292,0.00,0.00,a0ec3694f39e652651d2c054e55bac444baf6bf64428067c0e7ca368319a28b7
eager-warm,2,7.040,3.397,2.182,0.777,0.304,0.376,26276,34,228,228,7480,0.00,0.00,a0ec3694f39e652651d2c054e55bac444baf6bf64428067c0e7ca368319a28b7
packed-cold,2,18.446,14.916,1.781,1.011,0.331,0.402,26276,34,53,228,37676,0.00,0.00,a0ec3694f39e652651d2c054e55bac444baf6bf64428067c0e7ca368319a28b7
text-cold,2,18.826,15.049,2.393,0.708,0.317,0.356,5151,0,0,0,39128,0.00,0.00,a0ec3694f39e652651d2c054e55bac444baf6bf64428067c0e7ca368319a28b7
eager-cold,2,19.510,15.987,2.151,0.688,0.298,0.382,26276,34,228,228,38216,0.00,0.00,a0ec3694f39e652651d2c054e55bac444baf6bf64428067c0e7ca368319a28b7
lazy-warm,2,6.735,3.324,1.695,1.006,0.328,0.378,26276,34,53,228,7264,0.00,0.00,a0ec3694f39e652651d2c054e55bac444baf6bf64428067c0e7ca368319a28b7
text-cold,3,18.422,15.045,2.059,0.678,0.300,0.337,5156,0,0,0,38468,0.00,0.00,a0ec3694f39e652651d2c054e55bac444baf6bf64428067c0e7ca368319a28b7
eager-warm,3,6.673,3.207,2.154,0.683,0.296,0.330,26276,34,228,228,7384,0.00,0.00,a0ec3694f39e652651d2c054e55bac444baf6bf64428067c0e7ca368319a28b7
lazy-cold,3,18.206,14.776,1.708,0.987,0.346,0.384,26276,34,53,228,38148,0.00,0.00,a0ec3694f39e652651d2c054e55bac444baf6bf64428067c0e7ca368319a28b7
packed-warm,3,6.819,3.317,1.734,1.040,0.358,0.367,26276,34,53,228,7664,0.00,0.00,a0ec3694f39e652651d2c054e55bac444baf6bf64428067c0e7ca368319a28b7
packed-cold,3,18.304,14.709,1.738,1.093,0.327,0.434,26276,34,53,228,38496,0.00,0.00,a0ec3694f39e652651d2c054e55bac444baf6bf64428067c0e7ca368319a28b7
eager-cold,3,18.081,14.656,2.071,0.688,0.315,0.346,26276,34,228,228,38800,0.00,0.00,a0ec3694f39e652651d2c054e55bac444baf6bf64428067c0e7ca368319a28b7
text-warm,3,6.543,3.214,1.971,0.662,0.297,0.396,4987,0,0,0,7228,0.00,0.00,a0ec3694f39e652651d2c054e55bac444baf6bf64428067c0e7ca368319a28b7
lazy-warm,3,6.770,3.278,1.808,0.994,0.330,0.358,26276,34,53,228,7340,0.00,0.00,a0ec3694f39e652651d2c054e55bac444baf6bf64428067c0e7ca368319a28b7
packed-warm,4,6.592,3.317,1.659,0.947,0.329,0.337,26276,34,53,228,7644,0.00,0.00,a0ec3694f39e652651d2c054e55bac444baf6bf64428067c0e7ca368319a28b7
packed-cold,4,18.065,14.757,1.655,0.953,0.341,0.355,26276,34,53,228,37984,0.00,0.00,a0ec3694f39e652651d2c054e55bac444baf6bf64428067c0e7ca368319a28b7
eager-cold,4,18.862,15.477,2.040,0.701,0.299,0.339,26276,34,228,228,38652,0.00,0.00,a0ec3694f39e652651d2c054e55bac444baf6bf64428067c0e7ca368319a28b7
text-warm,4,6.706,3.356,2.010,0.700,0.303,0.333,4987,0,0,0,7420,0.00,0.00,a0ec3694f39e652651d2c054e55bac444baf6bf64428067c0e7ca368319a28b7
eager-warm,4,6.921,3.421,2.146,0.705,0.311,0.334,26276,34,228,228,7384,0.00,0.00,a0ec3694f39e652651d2c054e55bac444baf6bf64428067c0e7ca368319a28b7
lazy-cold,4,19.315,15.683,1.862,1.072,0.348,0.345,26276,34,53,228,37796,0.00,0.00,a0ec3694f39e652651d2c054e55bac444baf6bf64428067c0e7ca368319a28b7
text-cold,4,19.174,15.612,2.146,0.719,0.309,0.385,5155,0,0,0,38752,0.00,0.00,a0ec3694f39e652651d2c054e55bac444baf6bf64428067c0e7ca368319a28b7
lazy-warm,4,8.600,3.522,2.939,1.104,0.368,0.662,26276,34,53,228,7380,0.00,0.00,a0ec3694f39e652651d2c054e55bac444baf6bf64428067c0e7ca368319a28b7
eager-cold,5,19.627,15.876,2.193,0.737,0.311,0.505,26276,34,228,228,38400,0.01,0.00,a0ec3694f39e652651d2c054e55bac444baf6bf64428067c0e7ca368319a28b7
packed-warm,5,7.868,4.043,1.905,1.095,0.373,0.448,26276,34,53,228,7708,0.00,0.00,a0ec3694f39e652651d2c054e55bac444baf6bf64428067c0e7ca368319a28b7
packed-cold,5,20.134,16.138,1.915,1.193,0.435,0.431,26276,34,53,228,38292,0.01,0.00,a0ec3694f39e652651d2c054e55bac444baf6bf64428067c0e7ca368319a28b7
text-cold,5,19.790,15.860,2.331,0.795,0.338,0.462,5123,0,0,0,39040,0.00,0.00,a0ec3694f39e652651d2c054e55bac444baf6bf64428067c0e7ca368319a28b7
text-warm,5,8.498,4.369,2.573,0.793,0.336,0.423,4987,0,0,0,7444,0.00,0.00,a0ec3694f39e652651d2c054e55bac444baf6bf64428067c0e7ca368319a28b7
lazy-cold,5,19.010,15.246,1.893,1.070,0.374,0.423,26276,34,53,228,38284,0.00,0.00,a0ec3694f39e652651d2c054e55bac444baf6bf64428067c0e7ca368319a28b7
eager-warm,5,7.322,3.548,2.292,0.754,0.334,0.390,26276,34,228,228,7380,0.00,0.00,a0ec3694f39e652651d2c054e55bac444baf6bf64428067c0e7ca368319a28b7
lazy-warm,5,11.122,3.573,1.876,4.884,0.440,0.345,26276,34,53,228,7428,0.00,0.00,a0ec3694f39e652651d2c054e55bac444baf6bf64428067c0e7ca368319a28b7
text-cold,6,19.127,15.903,1.965,0.638,0.308,0.310,5137,0,0,0,38816,0.00,0.00,a0ec3694f39e652651d2c054e55bac444baf6bf64428067c0e7ca368319a28b7
packed-cold,6,19.643,15.799,1.746,1.209,0.514,0.372,26276,34,53,228,38736,0.00,0.00,a0ec3694f39e652651d2c054e55bac444baf6bf64428067c0e7ca368319a28b7
packed-warm,6,7.358,3.919,1.767,1.030,0.315,0.323,26276,34,53,228,7748,0.00,0.00,a0ec3694f39e652651d2c054e55bac444baf6bf64428067c0e7ca368319a28b7
lazy-cold,6,19.221,15.887,1.584,1.031,0.383,0.332,26276,34,53,228,38232,0.00,0.00,a0ec3694f39e652651d2c054e55bac444baf6bf64428067c0e7ca368319a28b7
eager-warm,6,7.004,3.518,2.036,0.732,0.302,0.411,26276,34,228,228,7276,0.00,0.00,a0ec3694f39e652651d2c054e55bac444baf6bf64428067c0e7ca368319a28b7
text-warm,6,6.859,3.495,2.042,0.720,0.290,0.308,4987,0,0,0,7292,0.00,0.00,a0ec3694f39e652651d2c054e55bac444baf6bf64428067c0e7ca368319a28b7
eager-cold,6,19.258,15.909,2.055,0.654,0.334,0.302,26276,34,228,228,38544,0.00,0.00,a0ec3694f39e652651d2c054e55bac444baf6bf64428067c0e7ca368319a28b7
lazy-warm,6,6.863,3.624,1.606,1.002,0.304,0.322,26276,34,53,228,7348,0.00,0.00,a0ec3694f39e652651d2c054e55bac444baf6bf64428067c0e7ca368319a28b7
packed-cold,7,19.519,16.220,1.572,1.011,0.385,0.327,26276,34,53,228,37892,0.00,0.00,a0ec3694f39e652651d2c054e55bac444baf6bf64428067c0e7ca368319a28b7
packed-warm,7,7.008,3.739,1.590,1.044,0.304,0.327,26276,34,53,228,7668,0.00,0.00,a0ec3694f39e652651d2c054e55bac444baf6bf64428067c0e7ca368319a28b7
text-cold,7,19.874,16.546,1.959,0.716,0.302,0.347,5134,0,0,0,38724,0.00,0.00,a0ec3694f39e652651d2c054e55bac444baf6bf64428067c0e7ca368319a28b7
lazy-cold,7,19.360,16.079,1.635,1.020,0.309,0.312,26276,34,53,228,38168,0.00,0.00,a0ec3694f39e652651d2c054e55bac444baf6bf64428067c0e7ca368319a28b7
eager-cold,7,20.209,16.695,1.992,0.855,0.341,0.321,26276,34,228,228,38008,0.01,0.00,a0ec3694f39e652651d2c054e55bac444baf6bf64428067c0e7ca368319a28b7
eager-warm,7,7.602,4.095,2.066,0.747,0.304,0.385,26276,34,228,228,7296,0.00,0.00,a0ec3694f39e652651d2c054e55bac444baf6bf64428067c0e7ca368319a28b7
text-warm,7,7.449,3.674,2.312,0.729,0.287,0.444,4987,0,0,0,7208,0.00,0.00,a0ec3694f39e652651d2c054e55bac444baf6bf64428067c0e7ca368319a28b7
lazy-warm,7,6.872,3.648,1.532,1.029,0.306,0.354,26276,34,53,228,7388,0.00,0.00,a0ec3694f39e652651d2c054e55bac444baf6bf64428067c0e7ca368319a28b7
text-warm,8,7.190,3.989,1.896,0.716,0.291,0.294,4987,0,0,0,7264,0.00,0.00,a0ec3694f39e652651d2c054e55bac444baf6bf64428067c0e7ca368319a28b7
eager-cold,8,19.166,15.859,1.989,0.683,0.352,0.279,26276,34,228,228,38168,0.00,0.00,a0ec3694f39e652651d2c054e55bac444baf6bf64428067c0e7ca368319a28b7
packed-warm,8,7.104,3.784,1.740,0.968,0.309,0.298,26276,34,53,228,7772,0.00,0.00,a0ec3694f39e652651d2c054e55bac444baf6bf64428067c0e7ca368319a28b7
eager-warm,8,6.641,3.488,1.909,0.663,0.287,0.290,26276,34,228,228,7404,0.00,0.00,a0ec3694f39e652651d2c054e55bac444baf6bf64428067c0e7ca368319a28b7
packed-cold,8,19.460,16.231,1.546,1.007,0.359,0.312,26276,34,53,228,38172,0.00,0.00,a0ec3694f39e652651d2c054e55bac444baf6bf64428067c0e7ca368319a28b7
lazy-cold,8,19.445,16.068,1.621,0.989,0.362,0.402,26276,34,53,228,38344,0.00,0.00,a0ec3694f39e652651d2c054e55bac444baf6bf64428067c0e7ca368319a28b7
text-cold,8,18.674,15.607,1.873,0.626,0.277,0.288,5136,0,0,0,38716,0.01,0.00,a0ec3694f39e652651d2c054e55bac444baf6bf64428067c0e7ca368319a28b7
lazy-warm,8,6.496,3.352,1.515,1.000,0.316,0.306,26276,34,53,228,7372,0.00,0.00,a0ec3694f39e652651d2c054e55bac444baf6bf64428067c0e7ca368319a28b7
packed-warm,9,7.039,3.697,1.646,1.009,0.375,0.310,26276,34,53,228,7656,0.00,0.00,a0ec3694f39e652651d2c054e55bac444baf6bf64428067c0e7ca368319a28b7
text-cold,9,20.143,16.895,1.940,0.711,0.301,0.293,5163,0,0,0,38568,0.00,0.00,a0ec3694f39e652651d2c054e55bac444baf6bf64428067c0e7ca368319a28b7
lazy-cold,9,19.163,16.008,1.507,0.973,0.328,0.345,26276,34,53,228,38560,0.00,0.00,a0ec3694f39e652651d2c054e55bac444baf6bf64428067c0e7ca368319a28b7
eager-cold,9,19.342,16.056,2.046,0.684,0.288,0.265,26276,34,228,228,38352,0.00,0.00,a0ec3694f39e652651d2c054e55bac444baf6bf64428067c0e7ca368319a28b7
packed-cold,9,19.096,15.787,1.503,0.960,0.524,0.320,26276,34,53,228,38268,0.00,0.00,a0ec3694f39e652651d2c054e55bac444baf6bf64428067c0e7ca368319a28b7
text-warm,9,6.957,3.505,2.141,0.643,0.391,0.274,4987,0,0,0,7200,0.00,0.00,a0ec3694f39e652651d2c054e55bac444baf6bf64428067c0e7ca368319a28b7
eager-warm,9,6.540,3.352,1.919,0.634,0.274,0.358,26276,34,228,228,7352,0.00,0.00,a0ec3694f39e652651d2c054e55bac444baf6bf64428067c0e7ca368319a28b7
lazy-warm,9,6.547,3.358,1.382,1.076,0.254,0.474,26276,34,53,228,7224,0.00,0.00,a0ec3694f39e652651d2c054e55bac444baf6bf64428067c0e7ca368319a28b7
eager-warm,10,6.366,3.333,1.862,0.701,0.224,0.244,26276,34,228,228,7488,0.00,0.00,a0ec3694f39e652651d2c054e55bac444baf6bf64428067c0e7ca368319a28b7
lazy-cold,10,18.523,15.527,1.445,1.033,0.241,0.274,26276,34,53,228,38332,0.00,0.00,a0ec3694f39e652651d2c054e55bac444baf6bf64428067c0e7ca368319a28b7
packed-cold,10,18.263,15.219,1.363,1.024,0.244,0.409,26276,34,53,228,38396,0.00,0.00,a0ec3694f39e652651d2c054e55bac444baf6bf64428067c0e7ca368319a28b7
packed-warm,10,6.206,3.344,1.367,0.965,0.240,0.289,26276,34,53,228,7652,0.00,0.00,a0ec3694f39e652651d2c054e55bac444baf6bf64428067c0e7ca368319a28b7
text-cold,10,17.758,14.863,1.771,0.662,0.225,0.234,5140,0,0,0,39280,0.00,0.00,a0ec3694f39e652651d2c054e55bac444baf6bf64428067c0e7ca368319a28b7
text-warm,10,6.182,3.288,1.738,0.624,0.223,0.307,4987,0,0,0,7216,0.00,0.00,a0ec3694f39e652651d2c054e55bac444baf6bf64428067c0e7ca368319a28b7
eager-cold,10,18.446,15.393,1.895,0.694,0.228,0.233,26276,34,228,228,37960,0.01,0.00,a0ec3694f39e652651d2c054e55bac444baf6bf64428067c0e7ca368319a28b7
lazy-warm,10,6.424,3.474,1.472,0.966,0.254,0.255,26276,34,53,228,7296,0.00,0.00,a0ec3694f39e652651d2c054e55bac444baf6bf64428067c0e7ca368319a28b7
text-cold,11,18.504,15.465,1.876,0.643,0.266,0.252,5306,0,0,0,38256,0.00,0.00,a0ec3694f39e652651d2c054e55bac444baf6bf64428067c0e7ca368319a28b7
eager-cold,11,18.993,15.965,1.897,0.668,0.225,0.236,26276,34,228,228,37876,0.00,0.00,a0ec3694f39e652651d2c054e55bac444baf6bf64428067c0e7ca368319a28b7
packed-warm,11,6.922,3.782,1.563,0.992,0.281,0.285,26276,34,53,228,7616,0.00,0.00,a0ec3694f39e652651d2c054e55bac444baf6bf64428067c0e7ca368319a28b7
packed-cold,11,18.788,15.762,1.462,0.988,0.251,0.322,26276,34,53,228,38240,0.00,0.00,a0ec3694f39e652651d2c054e55bac444baf6bf64428067c0e7ca368319a28b7
lazy-cold,11,18.959,15.958,1.444,0.944,0.252,0.359,26276,34,53,228,38024,0.00,0.00,a0ec3694f39e652651d2c054e55bac444baf6bf64428067c0e7ca368319a28b7
eager-warm,11,6.479,3.546,1.737,0.665,0.221,0.307,26276,34,228,228,7568,0.00,0.00,a0ec3694f39e652651d2c054e55bac444baf6bf64428067c0e7ca368319a28b7
text-warm,11,6.438,3.561,1.774,0.650,0.216,0.236,4987,0,0,0,7484,0.00,0.00,a0ec3694f39e652651d2c054e55bac444baf6bf64428067c0e7ca368319a28b7
lazy-warm,11,6.223,3.452,1.297,0.947,0.246,0.279,26276,34,53,228,7424,0.00,0.00,a0ec3694f39e652651d2c054e55bac444baf6bf64428067c0e7ca368319a28b7
